date,new.cases,repronum,repronum.se,ci.lower,ci.upper
2020-01-02,1,,,,
2020-01-03,0,,,,
2020-01-04,0,,,,
2020-01-05,0,,,,
2020-01-06,0,,,,
2020-01-07,1,,,,
2020-01-08,0,,,,
2020-01-09,1,,,,
2020-01-10,0,,,,
2020-01-11,0,,,,
2020-01-12,1,,,,
2020-01-13,0,,,,
2020-01-14,0,,,,
2020-01-15,0,,,,
2020-01-16,0,,,,
2020-01-17,0,,,,
2020-01-18,0,,,,
2020-01-19,1,,,,
2020-01-20,0,,,,
2020-01-21,1,,,,
2020-01-22,0,,,,
2020-01-23,1,,,,
2020-01-24,0,,,,
2020-01-25,1,,,,
2020-01-26,0,,,,
2020-01-27,0,,,,
2020-01-28,2,,,,
2020-01-29,2,,,,
2020-01-30,1,,,,
2020-01-31,5,,,,
2020-02-01,0,,,,
2020-02-02,0,,,,
2020-02-03,1,,,,
2020-02-04,4,,,,
2020-02-05,0,,,,
2020-02-06,1,,,,
2020-02-07,1,,,,
2020-02-08,0,,,,
2020-02-09,0,,,,
2020-02-10,0,,,,
2020-02-11,2,,,,
2020-02-12,2,,,,
2020-02-13,0,,,,
2020-02-14,0,,,,
2020-02-15,0,,,,
2020-02-16,1,,,,
2020-02-17,1,,,,
2020-02-18,1,,,,
2020-02-19,0,,,,
2020-02-20,2,,,,
2020-02-21,0,,,,
2020-02-22,0,,,,
2020-02-23,0,4.97695852534562,0.829493087557604,3.35118194830779,6.60273510238345
2020-02-24,1,3.23741007194245,0.511879477365385,2.23414473188111,4.24067541200379
2020-02-25,3,4.69325153374233,0.509054601936417,3.69552284778258,5.69098021970208
2020-02-26,7,6.68423574508864,0.536890734939619,5.63194924097375,7.73652224920354
2020-02-27,24,6.0064585575888,0.440414909482859,5.14326119674793,6.86965591842968
2020-02-28,48,4.25088877602844,0.311690287640611,3.63998703792191,4.86179051413497
2020-02-29,22,2.22029186935372,0.186322754673935,1.85510598069251,2.58547775801492
2020-03-01,36,1.1390977443609,0.113344461892341,0.916946681204842,1.36124880751696
2020-03-02,40,3.10159362549801,0.166742706314387,2.77478392643707,3.42840332455895
2020-03-03,85,4.69108945353289,0.191672718856046,4.31541782775617,5.06676107930961
2020-03-04,155,5.06891156969381,0.184354531421899,4.70758332772013,5.43023981166749
2020-03-05,186,5.20149297253164,0.165230869712807,4.87764641876031,5.52533952630297
2020-03-06,186,5.50725860904794,0.144627696558016,5.22379353262724,5.79072368546864
2020-03-07,142,3.54420455916054,0.098072487634986,3.35198601552171,3.73642310279936
2020-03-08,101,1.87920322807917,0.0600902931061752,1.76142841777061,1.99697803838772
2020-03-09,346,2.9343924965306,0.0649049407405311,2.80718115026045,3.06160384280075
2020-03-10,599,3.54225197115447,0.0642454919244485,3.41633312081349,3.66817082149545
2020-03-11,756,3.49565273463948,0.0581479232158811,3.38168489936056,3.60962056991841
2020-03-12,991,3.17721651098471,0.0498697607979851,3.07947357590303,3.27495944606639
2020-03-13,1450,2.4970898782542,0.0392282971105726,2.42020382874264,2.57397592776576
2020-03-14,1306,1.63884080932822,0.0282895340169922,1.58339434151549,1.69428727714094
2020-03-15,978,0.900464935558077,0.01891632875204,0.863389612484359,0.937540258631795
2020-03-16,2044,1.27565832166399,0.0208732013943065,1.2347475986891,1.31656904463888
2020-03-17,3040,1.53969316147386,0.0220338718244237,1.49650756625802,1.5828787566897
2020-03-18,3614,1.7084800812655,0.0226671816612514,1.66405322157842,1.75290694095258
2020-03-19,4059,1.70247151026782,0.0221436584088285,1.65907073730056,1.74587228323509
2020-03-20,4052,1.61544480720974,0.0208779328085884,1.57452481083326,1.65636480358622
2020-03-21,3356,1.17714576516826,0.0171177069675753,1.1435956760139,1.21069585432261
2020-03-22,2266,0.698413497225822,0.012576373855263,0.673764257413395,0.723062737038248
2020-03-23,3735,0.867110751939759,0.0135008960971241,0.840649481830378,0.89357202204914
2020-03-24,4883,1.23379383634431,0.0158452396561048,1.20273773729194,1.26484993539669
2020-03-25,5681,1.27449982700018,0.0161058351359667,1.24293297019275,1.30606668380762
2020-03-26,5911,1.33756792230844,0.0165194799997257,1.30519033646565,1.36994550815123
2020-03-27,5987,1.25230446864574,0.015918410095322,1.22110495816777,1.28350397912371
2020-03-28,4729,0.85433328962895,0.0129623105178582,0.828927627857523,0.879738951400377
2020-03-29,3084,0.482035934427331,0.0095419926975027,0.463333972399481,0.50073789645518
2020-03-30,4125,0.675528530879906,0.0111342453597809,0.653705810979703,0.697351250780109
2020-03-31,6063,0.966629949346632,0.0134086139919415,0.940349548839826,0.992910349853437
2020-04-01,6262,1.02400355193082,0.0140937197712095,0.996380368771053,1.05162673509059
2020-04-02,6556,0.999677093753458,0.0142534937512801,0.971740759347082,1.02761342815983
2020-04-03,6189,0.709137126132195,0.0122392428577514,0.685148650932963,0.733125601331427
2020-04-04,4344,0.627070344707873,0.0116645326024929,0.604208280910494,0.649932408505253
2020-04-05,2552,0.414595951112999,0.0096003184341538,0.395779672741942,0.433412229484057
2020-04-06,3681,0.367863102611616,0.0092052115001276,0.349821219601292,0.38590498562194
2020-04-07,5197,0.609627600325135,0.0122539758310498,0.585610249028853,0.633644951621417
2020-04-08,5279,0.898146041175132,0.0155571236349509,0.867654639147591,0.928637443202673
2020-04-09,4919,1.0304596220075,0.0176179122180546,0.995929148577329,1.06499009543768
2020-04-10,3357,1.02329478800067,0.0185198455284616,0.986996557765641,1.0595930182357
2020-04-11,2890,0.760409075256072,0.0165541186543607,0.727963598897723,0.792854551614422
2020-04-12,1865,0.509352482580719,0.0137113079194928,0.482478812877574,0.536226152283864
2020-04-13,1597,0.639588265568708,0.0153950141184205,0.609414592355119,0.669761938782298
2020-04-14,2475,0.823425564136246,0.0176075915226549,0.78891531889735,0.857935809375142
2020-04-15,3333,0.981332936782162,0.0196541938952194,0.942811424602365,1.01985444896196
2020-04-16,3421,0.865456388517717,0.0189445355986737,0.828325781040479,0.902586995994954
2020-04-17,3053,0.827005684036968,0.0189429252856711,0.78987823271522,0.864133135358716
2020-04-18,2110,0.579305540129845,0.0162238002082182,0.547507476029364,0.611103604230326
2020-04-19,1380,0.332859443607997,0.0125362118996507,0.308288919782119,0.357429967433875
2020-04-20,1726,0.553188448026565,0.0165444449121402,0.520761931854564,0.585614964198567
2020-04-21,2187,0.777920954616865,0.0202966597907223,0.738140232420587,0.817701676813143
2020-04-22,2493,0.828609033417868,0.0218813991279706,0.785722279195699,0.871495787640036
2020-04-23,2087,0.920222166119667,0.0240998271800515,0.872987372813127,0.967456959426207
2020-04-24,1906,0.62963864217058,0.0207585712971359,0.588952590057687,0.670324694283474
2020-04-25,1275,0.453407848378083,0.018179998415755,0.417775706244208,0.489039990511958
2020-04-26,705,0.327336993178345,0.0158595291405869,0.296252887251031,0.358421099105659
2020-04-27,1118,0.591859563028849,0.021920724556624,0.548895732382843,0.634823393674855
2020-04-28,1469,0.971315724512466,0.0293799017118438,0.913732175287926,1.02889927373701
2020-04-29,1434,1.19144503401803,0.0341109720952628,1.12458875723367,1.2583013108024
2020-04-30,1458,1.27078790736048,0.0367150956918831,1.19882764211545,1.34274817260551
2020-05-01,920,1.0908011575849,0.03484436483279,1.02250745744846,1.15909485772134
2020-05-02,622,0.757211538461539,0.0290591118128367,0.700256725885656,0.814166351037421
2020-05-03,426,0.369251870924273,0.0199961098988828,0.330060215691558,0.408443526156988
2020-05-04,729,0.729036663762451,0.0277942622359564,0.674560910803115,0.783512416721787
2020-05-05,1093,0.921928103010866,0.0315108538473386,0.860167964347977,0.983688241673755
2020-05-06,1220,1.02700603752787,0.0340262280369465,0.960315856045708,1.09369621901003
2020-05-07,1198,0.963845816558377,0.033950020887101,0.897304998345276,1.03038663477148
2020-05-08,980,0.897796204574545,0.0335288136654691,0.832080937345871,0.963511471803219
2020-05-09,679,0.600597998006673,0.0279423476971071,0.545832002876848,0.655363993136499
2020-05-10,341,0.417333118112316,0.0234768220921949,0.37131939234016,0.463346843884472
2020-05-11,688,0.742614508989069,0.0317229196243192,0.680438729040944,0.804790288937193
2020-05-12,856,1.03862023175301,0.0384410594163355,0.963277139769426,1.11396332373659
2020-05-13,911,1.26080522014059,0.0436843117308386,1.17518554245873,1.34642489782246
2020-05-14,806,0.665948504220676,0.0325337133850402,0.602183597702649,0.729713410738703
2020-05-15,717,0.861766249751118,0.037468097815266,0.788330127463972,0.935202372038263
2020-05-16,462,0.564368008014694,0.0306975727347641,0.504201871041757,0.62453414498763
2020-05-17,316,0.380853864961444,0.0253902576640963,0.331089874381624,0.430617855541265
2020-05-18,548,0.729829784733512,0.0358691770404055,0.659527489579227,0.800132079887798
2020-05-19,730,1.15221811843798,0.04638655481403,1.06130214163559,1.24313409524037
2020-05-20,833,1.31315860578222,0.0515857419401156,1.21205240946382,1.41426480210062
2020-05-21,419,1.12516012715282,0.0490127449585999,1.02909691225052,1.22122334205512
2020-05-22,529,0.976747558735377,0.0460955672686246,0.886401907041929,1.06709321042882
2020-05-23,338,0.80555223166208,0.0416541142640477,0.72391166789663,0.887192795427529
2020-05-24,225,0.375760968441677,0.0280856934299762,0.32071402083809,0.430807916045263
2020-05-25,414,0.2811986863711,0.0240244251041043,0.234111678417776,0.328285694324425
2020-05-26,617,0.646049565769964,0.0369926905244079,0.573545224650888,0.71855390688904
2020-05-27,648,1.14528345191646,0.0512699286290766,1.04479623831353,1.24577066551939
2020-05-28,527,1.3593147751606,0.0591006423982869,1.24347964459678,1.47514990572442
2020-05-29,449,1.24098850936565,0.0592967246428796,1.12476906466442,1.35720795406689
2020-05-30,374,0.83864639529181,0.0496771251087812,0.741281019223108,0.936011771360511
2020-05-31,179,0.476038745857762,0.0369477722854085,0.403622442869374,0.54845504884615
2020-06-01,137,0.824297004227164,0.0476703265919608,0.730864880975659,0.91772912747867
2020-06-02,305,1.17586006898868,0.0568373417351552,1.06446092621078,1.28725921176657
2020-06-03,499,1.45283666906048,0.063895683646997,1.3276034303448,1.57806990777616
2020-06-04,529,0.793152639087019,0.0475701340956721,0.699916889519761,0.886388388654277
2020-06-05,438,0.983115383415,0.0525497276629404,0.880119809798248,1.08611095703175
2020-06-06,285,0.841252969863699,0.0486509154033123,0.745898927858302,0.936607011869096
2020-06-07,166,0.484325136099118,0.0369294454156298,0.411944753115446,0.55670551908279
2020-06-08,299,0.744132799084144,0.0461491571167633,0.653682113218408,0.834583484949881
2020-06-09,428,1.58876982705273,0.0682435075018111,1.45501501017049,1.72252464393497
2020-06-10,517,3.00994090117173,0.0961981283943963,2.82139603413855,3.1984857682049
2020-06-11,278,1.96224079232436,0.0779305373693233,1.80949974578463,2.11498183886408
2020-06-12,350,2.5914483440435,0.0848857128659563,2.42507540402422,2.75782128406278
2020-06-13,299,1.25909345271405,0.0549513433722421,1.15139079880236,1.36679610662573
2020-06-14,172,0.50942648224826,0.031777150884709,0.447144410982935,0.571708553513585
2020-06-15,260,0.84817117917423,0.0383949052391508,0.772918547715667,0.923423810632794
2020-06-16,542,0.890543049222284,0.0380074511561162,0.816049813812131,0.965036284632437
2020-06-17,979,0.823574268751021,0.0366849136455858,0.751673159229711,0.895475378272331
2020-06-18,634,0.953779793998438,0.0399494394365894,0.875480331500159,1.03207925649672
2020-06-19,932,1.00408163265306,0.0419095576118167,0.921940409125894,1.08622285618023
2020-06-20,525,0.611340269654621,0.033602300188377,0.545480971487698,0.677199567821543
2020-06-21,257,0.381161147527028,0.027019797356132,0.328203317839439,0.434118977214618
2020-06-22,488,0.824337585868499,0.0402235555091643,0.745500865740389,0.903174305996608
2020-06-23,549,0.962153888966189,0.0448119741622037,0.87432403353213,1.04998374440025
2020-06-24,504,1.06495856049679,0.0484072072953084,0.970082177605816,1.15983494338775
2020-06-25,570,1.07910916094798,0.049775593892219,0.981550789610142,1.17666753228582
2020-06-26,574,1.00977112907899,0.0489235710619065,0.913882691802563,1.10565956635541
2020-06-27,331,0.701548318206086,0.0410550099881782,0.621081977244325,0.782014659167848
2020-06-28,199,0.340242161476233,0.0284524789002042,0.284476327560947,0.396007995391519
2020-06-29,420,0.770728844306904,0.0430178891805891,0.686415330822014,0.855042357791794
2020-06-30,461,0.982028241335045,0.0496633028407565,0.884689956413856,1.07936652625623
2020-07-01,484,1.19897432874532,0.0563950085853469,1.08844214301021,1.30950651448043
2020-07-02,470,1.2027288019438,0.0580682937495707,1.08891703755095,1.31654056633666
2020-07-03,426,1.23125341211985,0.0596544227383515,1.11433289203415,1.34817393220555
2020-07-04,292,0.804501607717042,0.0482508000015426,0.709931777488773,0.899071437945311
2020-07-05,143,0.366262814538677,0.0320005306866531,0.303542926906668,0.428982702170686
2020-07-06,321,0.886349129152862,0.0492416182862701,0.789837330771304,0.98286092753442
2020-07-07,391,1.29068150208623,0.059918384502192,1.17324362645011,1.40811937772235
2020-07-08,452,1.54789738333921,0.0667967024541576,1.41697825224302,1.67881651443539
2020-07-09,429,1.63770009800719,0.0693915801965721,1.50169509999158,1.77370509602279
2020-07-10,426,1.50971839117326,0.0660153759922147,1.38033063180265,1.63910615054387
2020-07-11,278,1.16585956416465,0.056353949089042,1.05540785356352,1.27631127476577
2020-07-12,131,0.465297273257915,0.0341172513752877,0.398428689310851,0.532165857204978
2020-07-13,324,1.06365958764483,0.0497015485333508,0.96624634254359,1.16107283274606
2020-07-14,464,1.18501857514721,0.051916606381066,1.08326389644078,1.28677325385364
2020-07-15,537,1.5835577818612,0.059895656152048,1.46616445297279,1.70095111074961
2020-07-16,557,1.58985650292309,0.060176956101843,1.47191183626423,1.70780116958195
2020-07-17,523,1.78283523397562,0.0627976927345682,1.65975401790365,1.90591645004759
2020-07-18,428,1.14313115482679,0.049056453313176,1.04698227312369,1.23928003652988
2020-07-19,186,0.403415970938755,0.0277723007705066,0.348983261660748,0.457848680216762
2020-07-20,458,0.936246361991662,0.0407063635648549,0.856463355462953,1.01602936852037
2020-07-21,521,1.29569440195779,0.0472177288949641,1.20314935389188,1.38823945002369
2020-07-22,699,1.57108963601643,0.0522247866089624,1.46873093516258,1.67344833687029
2020-07-23,698,1.49064352407888,0.0509789328793619,1.39072665166505,1.59056039649272
2020-07-24,806,1.56193997472223,0.0514956359974073,1.46101038280633,1.66286956663813
2020-07-25,543,0.903630658897355,0.0381853648035116,0.828788719145949,0.978472598648762
2020-07-26,211,0.449223932077474,0.0258928369852874,0.398474904128744,0.499972960026204
2020-07-27,529,1.13034046967839,0.0399885712301308,1.05196431027412,1.20871662908266
2020-07-28,753,1.33037486132162,0.043254217695538,1.24559815245891,1.41515157018433
2020-07-29,905,1.58096228376973,0.0473460852360261,1.48816566189816,1.67375890564131
2020-07-30,855,1.64250527797326,0.0480807624279767,1.5482687152652,1.73674184068132
2020-07-31,920,1.3630404315918,0.0429957676750181,1.27877027546111,1.44731058772248
2020-08-01,560,0.904849688031764,0.0339823433355783,0.838245518983756,0.971453857079772
2020-08-02,301,0.376120106901431,0.0210586831074026,0.334845846449079,0.417394367353782
2020-08-03,799,1.23644817982892,0.0371958750863716,1.16354560428618,1.30935075537166
2020-08-04,946,1.34180632099876,0.0388480846680251,1.26566547418107,1.41794716781645
2020-08-05,1115,1.74519938129551,0.0444429484650965,1.65809280293715,1.83230595965387
2020-08-06,1167,1.68307754138303,0.0436170989008497,1.59758959842725,1.76856548433882
2020-08-07,1005,1.48233523636624,0.0399175887176371,1.40409820012999,1.56057227260249
2020-08-08,709,0.75383248167074,0.0274529597777636,0.700025669237297,0.807639294104183
2020-08-09,319,0.447616645649433,0.0201596398285569,0.408104477644162,0.487128813654703
2020-08-10,1105,1.33895705521472,0.0339876227822718,1.27234253864134,1.40557157178811
2020-08-11,1193,1.32427697521468,0.0337786193467578,1.25807209784755,1.39048185258181
2020-08-12,1542,1.51923965796164,0.03628568537461,1.44812102147305,1.59035829445022
2020-08-13,1489,1.39189421260519,0.0345712212591403,1.32413586403571,1.45965256117467
2020-08-14,1379,1.3702479338843,0.0336516910272766,1.30429183145197,1.43620403631663
2020-08-15,754,0.719156525388166,0.0237875835991885,0.672533718254521,0.765779332521811
2020-08-16,493,0.414854821208586,0.0174530735016753,0.380647425725772,0.4490622166914
2020-08-17,1552,1.01638256004173,0.0268869221718426,0.963685160929784,1.06907995915367
2020-08-18,1537,1.06422443774635,0.0276725474239492,1.00998724143493,1.11846163405777
2020-08-19,1753,1.19406674907293,0.0297588172772394,1.13574053898703,1.25239295915883
2020-08-20,1621,1.18068342851324,0.0300281601164285,1.12182931616304,1.23953754086344
2020-08-21,1658,1.07621000396299,0.0288869900394187,1.01959254386396,1.13282746406202
2020-08-22,914,0.641095890410959,0.0222260010131342,0.597533728904865,0.684658051917053
2020-08-23,565,0.402793635977231,0.0173818283707915,0.368725878385023,0.436861393569439
2020-08-24,1429,0.888354843001597,0.0257846425280352,0.837817872292408,0.938891813710785
2020-08-25,1479,1.02574500025883,0.0282220138057523,0.970430869628364,1.0810591308893
2020-08-26,1610,1.15208455666471,0.0306054965486189,1.09209888570045,1.21207022762897
2020-08-27,1546,1.29186196750068,0.0331137820920243,1.22696014720841,1.35676378779296
2020-08-28,1388,1.30074925945287,0.0336638422832578,1.23476934099644,1.36672917790929
2020-08-29,832,0.956774993511924,0.0287694959168071,0.90038781766161,1.01316216936224
2020-08-30,537,0.481292297479209,0.0199845748970349,0.442123250434677,0.52046134452374
2020-08-31,1187,1.13106498627801,0.0300683321102087,1.07213213826681,1.18999783428921
2020-09-01,1321,1.10210927031848,0.0296677842614999,1.04396148166483,1.16025705897212
2020-09-02,1417,1.40549877132377,0.0335595149973908,1.33972333059025,1.47127421205728
2020-09-03,1522,1.28641933134962,0.0322614583619759,1.22318803487141,1.34965062782783
2020-09-04,1493,1.31464069845534,0.0323348347800193,1.25126558684045,1.37801581007023
2020-09-05,1106,0.948738027829649,0.0271068007951328,0.895609674535087,1.00186638112421
2020-09-06,580,0.555365603477751,0.0201717870824054,0.515829627292426,0.594901579663076
2020-09-07,1415,1.05235354411417,0.0273269456162938,0.998793714898748,1.10591337332959
2020-09-08,1380,1.41775777414075,0.0316861884506443,1.35565398597014,1.47986156231136
2020-09-09,1754,1.57286835888094,0.033556553357989,1.50709872285399,1.6386379949079
2020-09-10,1590,1.67049246278723,0.0344376538863665,1.6029959014579,1.73798902411656
2020-09-11,1653,1.48446568794811,0.0318376052628877,1.42206512827884,1.54686624761737
2020-09-12,1225,0.885023173131865,0.0237040882516595,0.838564013872253,0.931482332391476
2020-09-13,758,0.402683260057369,0.0153187931614235,0.37265897717436,0.432707542940377
2020-09-14,1483,0.909789710646242,0.0223501152331276,0.865984289738992,0.953595131553492
2020-09-15,2002,0.997503799229779,0.0234075864697328,0.951625772784095,1.04338182567546
2020-09-16,2197,1.2437015868241,0.0264857265891718,1.19179051660494,1.29561265704325
2020-09-17,2353,1.40079867536768,0.0286115710487433,1.34472102657104,1.45687632416433
2020-09-18,2174,1.38112118496653,0.0286185115724324,1.32502993299342,1.43721243693964
2020-09-19,1394,1.04952507524528,0.0248065463018092,1.00090513791291,1.09814501257765
2020-09-20,691,0.488604182382548,0.0164895924601192,0.456285175040972,0.520923189724125
2020-09-21,1657,0.966908359341353,0.0226584575295626,0.92249859863818,1.01131812004453
2020-09-22,1816,1.13965952080706,0.0244706410722888,1.09169794562677,1.18762109598735
2020-09-23,2205,1.44469737861116,0.0276196924445796,1.39056377615571,1.49883098106661
2020-09-24,2397,1.55817100530608,0.0288500721834495,1.50162590287514,1.61471610773702
2020-09-25,2329,1.5371787670271,0.0284516416077238,1.48141457417492,1.59294295987928
2020-09-26,1790,1.1143870899032,0.0237103636149616,1.06791563115752,1.16085854864887
2020-09-27,878,0.539627778412811,0.0158851526776851,0.508493451275628,0.570762105549993
2020-09-28,1821,1.05649464022707,0.0215342253247222,1.01428833415565,1.0987009462985
2020-09-29,2169,1.54228024535192,0.0257404462369999,1.49182989778141,1.59273059292243
2020-09-30,2736,1.92236502143574,0.0286920152453096,1.86612970491106,1.97860033796042
2020-10-01,2917,1.96580438991393,0.0287292703321134,1.90949605476087,2.02211272506699
2020-10-02,2919,1.98700125273353,0.0279388630208339,1.9322420874437,2.04176041802337
2020-10-03,2209,1.28771835908901,0.0213583982389328,1.24585666777324,1.32958005040478
2020-10-04,1154,0.708445924932791,0.0148432788619025,0.679353632950977,0.737538216914604
2020-10-05,2407,1.17227820103219,0.018116704837693,1.13677011203177,1.20778629003262
2020-10-06,3590,1.42528478299933,0.0194389148957236,1.38718520990517,1.46338435609349
2020-10-07,4489,1.87350396932455,0.0219986372711161,1.83038743256421,1.9166205060849
2020-10-08,4682,1.98839572744179,0.0223372954135979,1.94461543291911,2.03217602196447
2020-10-09,5058,1.87720349785245,0.0210285555165767,1.83598828639306,1.91841870931184
2020-10-10,3635,1.21900462819824,0.016153197024495,1.18734494379505,1.25066431260143
2020-10-11,2278,0.696702188032032,0.0114801170217785,0.674201572131041,0.719202803933023
2020-10-12,4187,1.11291707205403,0.0138231904363558,1.08582411664733,1.14001002746072
2020-10-13,5376,1.54745022509525,0.0159226631442024,1.51624237879465,1.57865807139585
2020-10-14,7253,1.99178853606835,0.0178846257477479,1.95673531372578,2.02684175841091
2020-10-15,7924,2.16664473046177,0.0183765797331118,2.13062729602584,2.2026621648977
2020-10-16,7969,2.03565475759113,0.0171768393082816,2.00198877117867,2.06932074400359
2020-10-17,5695,1.43434679627975,0.0136087013804748,1.40767423169765,1.46101936086184
2020-10-18,3683,0.839654927098857,0.0097116996408058,0.820620345574206,0.858689508623507
2020-10-19,6482,1.20054857873281,0.0109494265875747,1.1790880969698,1.22200906049582
2020-10-20,9445,1.49141422885644,0.0117965645024845,1.46829338729027,1.51453507042262
2020-10-21,12403,1.72631853510369,0.0124369498982552,1.70194256122558,1.7506945089818
2020-10-22,13901,1.71220058804938,0.0121484616932398,1.68839004066307,1.7360111354357
2020-10-23,14045,1.57409548003134,0.0112888430170153,1.55196975429086,1.59622120577182
2020-10-24,11109,1.04806593094585,0.0088492447177444,1.03072173000869,1.06541013188301
2020-10-25,7475,0.718239532819831,0.0069963190035961,0.704526999548429,0.731952066091233
2020-10-26,12022,0.972926103237562,0.0078759434407971,0.957489537749325,0.988362668725798
2020-10-27,15984,1.20185575799547,0.0086377309414859,1.18492611644201,1.21878539954893
2020-10-28,19267,1.31578421530238,0.0090330091380439,1.29807984271979,1.33348858788496
2020-10-29,19864,1.38027463468742,0.0092454905170769,1.36215380625455,1.3983954631203
2020-10-30,19443,1.31987891841388,0.0089810543335403,1.30227637537694,1.33748146145082
2020-10-31,14027,0.942121250166798,0.0074656406047925,0.927488863459885,0.956753636873711
2020-11-01,10539,0.573387646558378,0.0056837955114961,0.562247612060355,0.584527681056401
2020-11-02,15260,0.8672034776382,0.0068588468625918,0.853760384812045,0.880646570464356
2020-11-03,19360,1.06347830796729,0.0075895003112277,1.04860316069662,1.07835345523795
2020-11-04,21218,1.25323594731246,0.0083161875739772,1.23693651917879,1.26953537544614
2020-11-05,22288,1.32761734947076,0.0086582103485614,1.31064756901701,1.34458712992451
2020-11-06,21598,1.21363409431308,0.0082977830067545,1.19737073846831,1.22989745015784
2020-11-07,15925,0.881050037968553,0.0070081489576774,0.867314318413213,0.894785757523892
2020-11-08,10177,0.47553048162359,0.0050488453825722,0.465634926510237,0.485426036736943
2020-11-09,15986,0.76813974969978,0.0063314194628446,0.755730395581589,0.780549103817971
2020-11-10,19635,1.0745442964176,0.0075314414154163,1.05978294249171,1.08930565034349
2020-11-11,22710,1.29337106989959,0.0084027662119313,1.27690195075369,1.30984018904548
2020-11-12,23512,1.34251757843411,0.008711037605855,1.32544425845866,1.35959089840956
2020-11-13,21392,1.27365007593144,0.0085272711734378,1.2569369315451,1.29036322031779
2020-11-14,15805,0.829031414590415,0.0068155173282439,0.815673246091048,0.842389583089782
2020-11-15,8871,0.475271950445579,0.0050486621711039,0.465376754420105,0.485167146471052
2020-11-16,14719,0.785860773626328,0.0063948207937371,0.773327155183015,0.798394392069641
2020-11-17,20356,1.01934847714005,0.0073119027400426,1.00501741111111,1.033679543169
2020-11-18,23692,1.19817767653759,0.0080612744400677,1.18237786896556,1.21397748410961
2020-11-19,23752,1.28042215766003,0.0084807328485235,1.26380022671442,1.29704408860565
2020-11-20,22309,1.15460123011816,0.0081332133233703,1.13866042492577,1.17054203531055
2020-11-21,14796,0.851970559024871,0.0069711982718768,0.838307261482904,0.865633856566837
2020-11-22,8862,0.488775967975706,0.0052065250160357,0.478571366459669,0.498980569491743
2020-11-23,15102,0.724082703705379,0.0062698781095195,0.711793968423265,0.736371438987494
2020-11-24,19435,1.05883453371995,0.0076327391962936,1.04387463979183,1.07379442764807
2020-11-25,22092,1.32121785087819,0.0086744071019137,1.3042163253712,1.33821937638518
2020-11-26,22795,1.44547045330937,0.0092440206274575,1.42735250580721,1.46358840081153
2020-11-27,20153,1.33564891689123,0.0089443672454478,1.31811827922565,1.3531795545568
2020-11-28,14936,0.91929477973239,0.0073325688873024,0.904923208799119,0.933666350665662
2020-11-29,8813,0.568620899673774,0.005616710911394,0.557612348575868,0.579629450771679
2020-11-30,13337,0.876084290491293,0.0068215473455486,0.862714303375183,0.889454277607403
2020-12-01,19244,1.20449602562728,0.0079706796396555,1.18887378060124,1.22011827065331
2020-12-02,23199,1.48154938170563,0.0089088459304539,1.46408836453812,1.49901039887314
2020-12-03,24451,1.57669130557302,0.0092435222727332,1.55857433482817,1.59480827631787
2020-12-04,22299,1.45460533798385,0.0088062529623158,1.43734539933896,1.47186527662874
2020-12-05,15718,1.04850027945103,0.0072988727300141,1.03419475177246,1.0628058071296
2020-12-06,10249,0.590700388757599,0.0052844418884778,0.580343072977788,0.60105770453741
2020-12-07,16494,0.850129057059696,0.0061526066080477,0.838070169696879,0.862187944422512
2020-12-08,22836,1.17623220929431,0.0071677517354083,1.16218367404279,1.19028074454584
2020-12-09,27656,1.38259750864279,0.007804810816901,1.36730036053552,1.39789465675007
2020-12-10,29095,1.43123751445694,0.0079927474196405,1.41557201737692,1.44690301153697
2020-12-11,27284,1.3179215314224,0.0076378471206201,1.30295162614656,1.33289143669824
2020-12-12,20636,0.931631821729372,0.0063148782023661,0.919254887885978,0.944008755572767
2020-12-13,12495,0.566619294669906,0.0047958346982474,0.557219631385534,0.576018957954279
2020-12-14,19092,0.794343334270078,0.0055638345018428,0.783438419030524,0.805248249509631
2020-12-15,26929,1.12713631650687,0.0066159212761399,1.11416934908108,1.14010328393265
2020-12-16,31381,1.35158733485254,0.007325918730769,1.33722879798656,1.36594587171851
2020-12-17,32065,0.860475205232597,0.0059096285963413,0.84889254602176,0.872057864443434
2020-12-18,29774,0.537160502681337,0.0046697252122696,0.52800800944759,0.546312995915084
2020-12-19,21765,0.471768338072169,0.0043806367113517,0.463182447888565,0.480354228255772
2020-12-20,13959,0.408718818205132,0.0041190277537172,0.400645672156525,0.416791964253738
2020-12-21,20383,0.692958209438522,0.0055232014630224,0.682132933491639,0.703783485385405
2020-12-22,29025,1.32520336922626,0.0079796786176826,1.3095634865274,1.34084325192512
2020-12-23,34038,1.64746580342125,0.00933502035024,1.62916949973983,1.66576210710266
2020-12-24,21201,1.09742271655715,0.0078287543938724,1.08207863990135,1.11276679321295
2020-12-25,13232,0.567426961460581,0.0055970045622021,0.556457034097358,0.578396888823803
2020-12-26,11598,0.532417118490157,0.0053172632299585,0.521995474063119,0.542838762917195
2020-12-27,9846,0.460239802499272,0.0048925703277841,0.450650540864986,0.469829064133558
2020-12-28,15741,0.746510895799084,0.0062584130475001,0.734244631625608,0.758777159972559
2020-12-29,27580,1.51661776617987,0.0091590479648603,1.49866636203607,1.53456917032368
2020-12-30,31146,1.67632846389385,0.0100126162278771,1.65670409669619,1.69595283109151
2020-12-31,19650,1.62935398242945,0.0100721429947179,1.60961294491267,1.64909501994624
2021-01-01,10278,1.49227351898139,0.00952387834364,1.47360706043472,1.51093997752807
2021-01-02,10026,0.941906918719161,0.0072954689547995,0.927608062317424,0.956205775120898
2021-01-03,8849,0.438396006045894,0.0047528362120827,0.429080618245794,0.447711393845994
2021-01-04,14228,0.642187984958501,0.0055233931220301,0.631362333366866,0.653013636550136
2021-01-05,27419,1.05329999192016,0.0070070674466273,1.03956639208753,1.0670335917528
2021-01-06,28030,1.1693625840776,0.0075250364873658,1.15461378358001,1.18411138457518
2021-01-07,26169,1.04237667856997,0.0072852515129275,1.02809784798632,1.05665550915363
2021-01-08,24551,0.96598631488644,0.0071351250377839,0.952001726787194,0.979970902985687
2021-01-09,16669,0.720317610211185,0.0062207397383534,0.708125184366815,0.732510036055555
2021-01-10,8508,0.355232462869997,0.0043646807679395,0.346677845760821,0.363787079979173
2021-01-11,13518,0.493834622462261,0.0051572780713987,0.483726543184061,0.503942701740461
2021-01-12,22596,1.03578512231951,0.0076203943285267,1.0208494238876,1.05072082075142
2021-01-13,24148,1.17470193820435,0.0084094126345999,1.1582197923094,1.1911840840993
2021-01-14,20472,1.08262083817744,0.0083466413445284,1.06626172175029,1.09897995460459
2021-01-15,18329,1.01239752857085,0.0082546427845238,0.996218726007941,1.02857633113376
2021-01-16,13408,0.794756250556336,0.0073769010823354,0.780297790117444,0.809214710995228
2021-01-17,6624,0.342616014610298,0.0048289315947866,0.333151482600708,0.352080546619887
2021-01-18,9169,0.456497423849716,0.00554604873118,0.445627368080099,0.467367479619333
2021-01-19,18475,1.0775441049167,0.0086500213923998,1.06059037452209,1.0944978353113
2021-01-20,19513,1.17875385741652,0.0093572524583605,1.16041397960388,1.19709373522915
2021-01-21,16824,1.06239006306497,0.0091725198741829,1.0444122544641,1.08036787166585
2021-01-22,15042,1.03985734570551,0.0092652563131778,1.02169777702415,1.05801691438687
2021-01-23,11607,0.843454242088586,0.0084235988510821,0.826944291720252,0.85996419245692
2021-01-24,5034,0.35274913849631,0.0054339882641687,0.342098717206126,0.363399559786494
2021-01-25,6775,0.487464823119724,0.0063457136967795,0.475027452817833,0.499902193421614
2021-01-26,15518,1.04643671838651,0.0094181894692503,1.0279774062272,1.06489603054581
2021-01-27,15869,1.21170251352148,0.0104530938644218,1.19121482602019,1.23219020102276
2021-01-28,13415,1.10295595257462,0.0102735103138939,1.08282024236458,1.12309166278465
2021-01-29,12596,0.995018782994357,0.0099397565591016,0.975537218123422,1.01450034786529
2021-01-30,10026,0.847886934935717,0.0092561648937056,0.82974518510909,0.866028684762344
2021-01-31,4214,0.311056325391509,0.0055858356583377,0.300108288677608,0.322004362105411
2021-02-01,5901,0.416085559519498,0.006420339570471,0.403501925192858,0.428669193846139
2021-02-02,12345,0.931384013824016,0.009755520435042,0.912263545120889,0.950504482527143
2021-02-03,13437,1.12560668162347,0.0111049570123786,1.10384136582934,1.14737199741759
2021-02-04,11526,1.10607286598501,0.0114350648484246,1.08366055072122,1.12848518124881
2021-02-05,10021,1.0651760909355,0.0115425983387271,1.04255301390358,1.08779916796741
2021-02-06,8391,0.726094226757917,0.0096890106682731,0.707104114802277,0.745084338713557
2021-02-07,3101,0.483417215124532,0.0078983836614269,0.467936667612056,0.498897762637009
2021-02-08,4200,0.559865629973277,0.0084653402342986,0.543273867997174,0.57645739194938
2021-02-09,9115,1.20512063996372,0.0125553836854313,1.1805125401282,1.22972873979925
2021-02-10,10274,1.38051133119255,0.0138099476397549,1.35344433119025,1.40757833119486
2021-02-11,9356,1.31870800615235,0.0137253765320213,1.29180676247534,1.34560924982936
2021-02-12,8516,1.25274249422633,0.0134470483113961,1.22638676383762,1.27909822461503
2021-02-13,5616,1.09343655525104,0.0124286256875217,1.06907689652617,1.11779621397591
2021-02-14,3746,0.410517042759368,0.0074590162801745,0.395897639490128,0.425136446028609
2021-02-15,4374,0.528006812991135,0.0082541377781491,0.511829000222532,0.544184625759739
2021-02-16,9213,0.839297137374061,0.0103854638883013,0.818942002190249,0.859652272557872
2021-02-17,9993,,,,
2021-02-18,9231,,,,
2021-02-19,8679,,,,
2021-02-20,7740,,,,
2021-02-21,3029,,,,
2021-02-22,4092,,,,
2021-02-23,6531,,,,
